Project Name,Package Name,Type Name,NOF,NOPF,NOM,NOPM,LOC,WMC,NC,DIT,LCOM,FANIN,FANOUT,File path,Line no
JHotDraw-5.1-clean,CH.ifa.draw.applet,DrawApplet,16,1,37,11,364,62,0,0,0.05405405405405406,0,1,D:\Research\quality-attributes\cases\JHotDraw-5.1-clean\src\CH\ifa\draw\applet\DrawApplet.java,20
JHotDraw-5.1-clean,CH.ifa.draw.applet,SleeperThread,1,0,2,1,17,3,0,0,0.0,1,0,D:\Research\quality-attributes\cases\JHotDraw-5.1-clean\src\CH\ifa\draw\applet\DrawApplet.java,527
JHotDraw-5.1-clean,CH.ifa.draw.application,DrawApplication,15,5,61,27,588,83,0,0,0.06557377049180328,0,0,D:\Research\quality-attributes\cases\JHotDraw-5.1-clean\src\CH\ifa\draw\application\DrawApplication.java,17
JHotDraw-5.1-clean,CH.ifa.draw.contrib,ChopPolygonConnector,1,0,3,2,14,3,0,0,1.0,0,0,D:\Research\quality-attributes\cases\JHotDraw-5.1-clean\src\CH\ifa\draw\contrib\ChopPolygonConnector.java,13
JHotDraw-5.1-clean,CH.ifa.draw.contrib,DiamondFigure,0,0,6,5,37,6,0,0,-1.0,0,0,D:\Research\quality-attributes\cases\JHotDraw-5.1-clean\src\CH\ifa\draw\contrib\DiamondFigure.java,17
JHotDraw-5.1-clean,CH.ifa.draw.contrib,PolygonFigure,4,0,35,35,342,70,0,0,0.08571428571428572,4,0,D:\Research\quality-attributes\cases\JHotDraw-5.1-clean\src\CH\ifa\draw\contrib\PolygonFigure.java,16
JHotDraw-5.1-clean,CH.ifa.draw.contrib,PolygonHandle,2,0,5,4,30,5,0,0,0.0,0,1,D:\Research\quality-attributes\cases\JHotDraw-5.1-clean\src\CH\ifa\draw\contrib\PolygonHandle.java,16
JHotDraw-5.1-clean,CH.ifa.draw.contrib,PolygonScaleHandle,3,0,7,6,45,10,0,0,0.42857142857142855,0,1,D:\Research\quality-attributes\cases\JHotDraw-5.1-clean\src\CH\ifa\draw\contrib\PolygonScaleHandle.java,16
JHotDraw-5.1-clean,CH.ifa.draw.contrib,PolygonTool,3,0,8,7,60,16,0,0,0.375,0,1,D:\Research\quality-attributes\cases\JHotDraw-5.1-clean\src\CH\ifa\draw\contrib\PolygonTool.java,17
JHotDraw-5.1-clean,CH.ifa.draw.contrib,TriangleFigure,2,0,13,13,0,31,0,0,0.3076923076923077,1,1,D:\Research\quality-attributes\cases\JHotDraw-5.1-clean\src\CH\ifa\draw\contrib\TriangleFigure.java,17
JHotDraw-5.1-clean,CH.ifa.draw.contrib,TriangleRotationHandle,2,0,7,6,42,9,0,0,0.42857142857142855,0,1,D:\Research\quality-attributes\cases\JHotDraw-5.1-clean\src\CH\ifa\draw\contrib\TriangleRotationHandle.java,16
JHotDraw-5.1-clean,CH.ifa.draw.figures,ArrowTip,5,0,8,6,60,8,0,1,0.375,1,0,D:\Research\quality-attributes\cases\JHotDraw-5.1-clean\src\CH\ifa\draw\figures\ArrowTip.java,15
JHotDraw-5.1-clean,CH.ifa.draw.figures,AttributeFigure,4,0,12,8,122,20,5,0,0.16666666666666666,0,1,D:\Research\quality-attributes\cases\JHotDraw-5.1-clean\src\CH\ifa\draw\figures\AttributeFigure.java,16
JHotDraw-5.1-clean,CH.ifa.draw.figures,BorderDecorator,2,0,7,6,52,7,0,0,0.5714285714285714,0,0,D:\Research\quality-attributes\cases\JHotDraw-5.1-clean\src\CH\ifa\draw\figures\BorderDecorator.java,14
JHotDraw-5.1-clean,CH.ifa.draw.figures,BorderTool,0,0,2,2,15,2,0,0,-1.0,0,0,D:\Research\quality-attributes\cases\JHotDraw-5.1-clean\src\CH\ifa\draw\figures\BorderTool.java,11
JHotDraw-5.1-clean,CH.ifa.draw.figures,ChopEllipseConnector,1,0,3,2,16,3,0,0,1.0,0,1,D:\Research\quality-attributes\cases\JHotDraw-5.1-clean\src\CH\ifa\draw\figures\ChopEllipseConnector.java,13
JHotDraw-5.1-clean,CH.ifa.draw.figures,ConnectedTextTool,1,0,3,3,28,4,0,1,0.6666666666666666,0,0,D:\Research\quality-attributes\cases\JHotDraw-5.1-clean\src\CH\ifa\draw\figures\ConnectedTextTool.java,13
JHotDraw-5.1-clean,CH.ifa.draw.figures,ElbowConnection,2,0,6,5,56,10,0,2,0.8333333333333334,0,0,D:\Research\quality-attributes\cases\JHotDraw-5.1-clean\src\CH\ifa\draw\figures\ElbowConnection.java,15
JHotDraw-5.1-clean,CH.ifa.draw.figures,ElbowTextLocator,0,0,1,1,7,1,0,0,-1.0,0,0,D:\Research\quality-attributes\cases\JHotDraw-5.1-clean\src\CH\ifa\draw\figures\ElbowConnection.java,88
JHotDraw-5.1-clean,CH.ifa.draw.figures,ElbowHandle,3,0,9,5,92,14,0,0,0.2222222222222222,0,2,D:\Research\quality-attributes\cases\JHotDraw-5.1-clean\src\CH\ifa\draw\figures\ElbowHandle.java,13
JHotDraw-5.1-clean,CH.ifa.draw.figures,EllipseFigure,3,0,12,11,57,12,0,1,0.3333333333333333,0,0,D:\Research\quality-attributes\cases\JHotDraw-5.1-clean\src\CH\ifa\draw\figures\EllipseFigure.java,15
JHotDraw-5.1-clean,CH.ifa.draw.figures,FigureAttributes,3,0,7,7,112,22,0,0,0.0,1,0,D:\Research\quality-attributes\cases\JHotDraw-5.1-clean\src\CH\ifa\draw\figures\FigureAttributes.java,16
JHotDraw-5.1-clean,CH.ifa.draw.figures,FontSizeHandle,2,0,4,4,27,4,0,0,0.75,0,1,D:\Research\quality-attributes\cases\JHotDraw-5.1-clean\src\CH\ifa\draw\figures\FontSizeHandle.java,12
JHotDraw-5.1-clean,CH.ifa.draw.figures,GroupCommand,1,0,3,3,31,4,0,0,0.0,0,1,D:\Research\quality-attributes\cases\JHotDraw-5.1-clean\src\CH\ifa\draw\figures\GroupCommand.java,13
JHotDraw-5.1-clean,CH.ifa.draw.figures,GroupFigure,2,0,6,6,46,8,0,0,1.0,1,0,D:\Research\quality-attributes\cases\JHotDraw-5.1-clean\src\CH\ifa\draw\figures\GroupFigure.java,13
JHotDraw-5.1-clean,CH.ifa.draw.figures,GroupHandle,0,0,2,2,19,2,0,0,-1.0,0,0,D:\Research\quality-attributes\cases\JHotDraw-5.1-clean\src\CH\ifa\draw\figures\GroupHandle.java,12
JHotDraw-5.1-clean,CH.ifa.draw.figures,ImageFigure,5,0,12,9,83,16,0,1,0.25,1,0,D:\Research\quality-attributes\cases\JHotDraw-5.1-clean\src\CH\ifa\draw\figures\ImageFigure.java,16
JHotDraw-5.1-clean,CH.ifa.draw.figures,InsertImageCommand,2,0,2,2,26,2,0,0,0.0,0,1,D:\Research\quality-attributes\cases\JHotDraw-5.1-clean\src\CH\ifa\draw\figures\InsertImageCommand.java,14
JHotDraw-5.1-clean,CH.ifa.draw.figures,LineConnection,4,0,34,30,227,50,1,1,0.3235294117647059,1,0,D:\Research\quality-attributes\cases\JHotDraw-5.1-clean\src\CH\ifa\draw\figures\LineConnection.java,15
JHotDraw-5.1-clean,CH.ifa.draw.figures,LineDecoration,0,0,1,1,10,1,1,0,-1.0,1,0,D:\Research\quality-attributes\cases\JHotDraw-5.1-clean\src\CH\ifa\draw\figures\LineDecoration.java,13
JHotDraw-5.1-clean,CH.ifa.draw.figures,LineFigure,2,0,7,7,48,7,0,1,0.8571428571428571,0,0,D:\Research\quality-attributes\cases\JHotDraw-5.1-clean\src\CH\ifa\draw\figures\LineFigure.java,14
JHotDraw-5.1-clean,CH.ifa.draw.figures,NumberTextFigure,2,0,3,3,33,3,0,2,1.0,0,0,D:\Research\quality-attributes\cases\JHotDraw-5.1-clean\src\CH\ifa\draw\figures\NumberTextFigure.java,14
JHotDraw-5.1-clean,CH.ifa.draw.figures,PolyLineConnector,1,0,3,2,48,8,0,0,1.0,0,1,D:\Research\quality-attributes\cases\JHotDraw-5.1-clean\src\CH\ifa\draw\figures\PolyLineConnector.java,14
JHotDraw-5.1-clean,CH.ifa.draw.figures,PolyLineFigure,10,4,31,27,241,56,2,0,0.12903225806451613,4,2,D:\Research\quality-attributes\cases\JHotDraw-5.1-clean\src\CH\ifa\draw\figures\PolyLineFigure.java,15
JHotDraw-5.1-clean,CH.ifa.draw.figures,PolyLineHandle,2,0,4,3,26,4,0,0,0.5,0,1,D:\Research\quality-attributes\cases\JHotDraw-5.1-clean\src\CH\ifa\draw\figures\PolyLineHandle.java,12
JHotDraw-5.1-clean,CH.ifa.draw.figures,PolyLineLocator,1,0,2,2,15,3,0,0,0.0,0,1,D:\Research\quality-attributes\cases\JHotDraw-5.1-clean\src\CH\ifa\draw\figures\PolyLineLocator.java,14
JHotDraw-5.1-clean,CH.ifa.draw.figures,RadiusHandle,3,0,5,5,37,5,0,0,0.4,0,2,D:\Research\quality-attributes\cases\JHotDraw-5.1-clean\src\CH\ifa\draw\figures\RadiusHandle.java,13
JHotDraw-5.1-clean,CH.ifa.draw.figures,RectangleFigure,3,0,10,9,48,10,0,1,0.3,0,0,D:\Research\quality-attributes\cases\JHotDraw-5.1-clean\src\CH\ifa\draw\figures\RectangleFigure.java,16
JHotDraw-5.1-clean,CH.ifa.draw.figures,RoundRectangleFigure,6,0,14,13,80,14,0,1,0.21428571428571427,1,0,D:\Research\quality-attributes\cases\JHotDraw-5.1-clean\src\CH\ifa\draw\figures\RoundRectangleFigure.java,16
JHotDraw-5.1-clean,CH.ifa.draw.figures,ScribbleTool,3,0,6,5,42,12,0,0,0.3333333333333333,0,1,D:\Research\quality-attributes\cases\JHotDraw-5.1-clean\src\CH\ifa\draw\figures\ScribbleTool.java,14
JHotDraw-5.1-clean,CH.ifa.draw.figures,ShortestDistanceConnector,1,0,5,4,104,16,0,0,0.6,0,1,D:\Research\quality-attributes\cases\JHotDraw-5.1-clean\src\CH\ifa\draw\figures\ShortestDistanceConnector.java,13
JHotDraw-5.1-clean,CH.ifa.draw.figures,TextFigure,15,0,38,33,276,56,1,1,0.15789473684210525,1,0,D:\Research\quality-attributes\cases\JHotDraw-5.1-clean\src\CH\ifa\draw\figures\TextFigure.java,15
JHotDraw-5.1-clean,CH.ifa.draw.figures,TextTool,2,0,9,6,77,17,1,0,0.5555555555555556,0,1,D:\Research\quality-attributes\cases\JHotDraw-5.1-clean\src\CH\ifa\draw\figures\TextTool.java,14
JHotDraw-5.1-clean,CH.ifa.draw.figures,UngroupCommand,1,0,3,3,31,5,0,0,0.0,0,0,D:\Research\quality-attributes\cases\JHotDraw-5.1-clean\src\CH\ifa\draw\figures\UngroupCommand.java,13
JHotDraw-5.1-clean,CH.ifa.draw.framework,ConnectionFigure,0,0,18,18,84,18,0,1,-1.0,1,2,D:\Research\quality-attributes\cases\JHotDraw-5.1-clean\src\CH\ifa\draw\framework\ConnectionFigure.java,13
JHotDraw-5.1-clean,CH.ifa.draw.framework,Connector,0,0,6,6,31,6,0,0,-1.0,2,2,D:\Research\quality-attributes\cases\JHotDraw-5.1-clean\src\CH\ifa\draw\framework\Connector.java,13
JHotDraw-5.1-clean,CH.ifa.draw.framework,Drawing,0,0,27,27,126,27,0,1,-1.0,4,4,D:\Research\quality-attributes\cases\JHotDraw-5.1-clean\src\CH\ifa\draw\framework\Drawing.java,13
JHotDraw-5.1-clean,CH.ifa.draw.framework,DrawingChangeEvent,1,0,3,3,25,3,0,0,0.6666666666666666,1,1,D:\Research\quality-attributes\cases\JHotDraw-5.1-clean\src\CH\ifa\draw\framework\DrawingChangeEvent.java,11
JHotDraw-5.1-clean,CH.ifa.draw.framework,DrawingChangeListener,0,0,2,2,13,2,1,0,-1.0,1,1,D:\Research\quality-attributes\cases\JHotDraw-5.1-clean\src\CH\ifa\draw\framework\DrawingChangeListener.java,11
JHotDraw-5.1-clean,CH.ifa.draw.framework,DrawingEditor,0,0,6,0,32,6,0,0,-1.0,1,3,D:\Research\quality-attributes\cases\JHotDraw-5.1-clean\src\CH\ifa\draw\framework\DrawingEditor.java,10
JHotDraw-5.1-clean,CH.ifa.draw.framework,DrawingView,0,0,40,40,178,40,0,1,-1.0,3,9,D:\Research\quality-attributes\cases\JHotDraw-5.1-clean\src\CH\ifa\draw\framework\DrawingView.java,14
JHotDraw-5.1-clean,CH.ifa.draw.framework,Figure,0,0,32,32,153,32,1,0,-1.0,9,4,D:\Research\quality-attributes\cases\JHotDraw-5.1-clean\src\CH\ifa\draw\framework\Figure.java,13
JHotDraw-5.1-clean,CH.ifa.draw.framework,FigureChangeEvent,2,0,4,4,30,4,0,0,0.5,2,1,D:\Research\quality-attributes\cases\JHotDraw-5.1-clean\src\CH\ifa\draw\framework\FigureChangeEvent.java,11
JHotDraw-5.1-clean,CH.ifa.draw.framework,FigureChangeListener,0,0,5,5,25,5,2,0,-1.0,1,1,D:\Research\quality-attributes\cases\JHotDraw-5.1-clean\src\CH\ifa\draw\framework\FigureChangeListener.java,11
JHotDraw-5.1-clean,CH.ifa.draw.framework,FigureEnumeration,0,0,1,1,10,1,0,0,-1.0,3,1,D:\Research\quality-attributes\cases\JHotDraw-5.1-clean\src\CH\ifa\draw\framework\FigureEnumeration.java,10
JHotDraw-5.1-clean,CH.ifa.draw.framework,FigureSelection,2,1,3,3,57,6,0,0,0.0,1,1,D:\Research\quality-attributes\cases\JHotDraw-5.1-clean\src\CH\ifa\draw\framework\FigureSelection.java,12
JHotDraw-5.1-clean,CH.ifa.draw.framework,Handle,1,1,11,11,66,11,0,0,-1.0,1,3,D:\Research\quality-attributes\cases\JHotDraw-5.1-clean\src\CH\ifa\draw\framework\Handle.java,10
JHotDraw-5.1-clean,CH.ifa.draw.framework,HJDError,0,0,1,1,8,1,0,0,-1.0,0,0,D:\Research\quality-attributes\cases\JHotDraw-5.1-clean\src\CH\ifa\draw\framework\HJDError.java,8
JHotDraw-5.1-clean,CH.ifa.draw.framework,Locator,0,0,1,1,10,1,0,0,-1.0,1,1,D:\Research\quality-attributes\cases\JHotDraw-5.1-clean\src\CH\ifa\draw\framework\Locator.java,12
JHotDraw-5.1-clean,CH.ifa.draw.framework,Painter,0,0,1,1,10,1,0,0,-1.0,1,1,D:\Research\quality-attributes\cases\JHotDraw-5.1-clean\src\CH\ifa\draw\framework\Painter.java,11
JHotDraw-5.1-clean,CH.ifa.draw.framework,PointConstrainer,0,0,3,3,19,3,0,0,-1.0,1,0,D:\Research\quality-attributes\cases\JHotDraw-5.1-clean\src\CH\ifa\draw\framework\PointConstrainer.java,10
JHotDraw-5.1-clean,CH.ifa.draw.framework,Tool,0,0,7,7,34,7,0,0,-1.0,2,0,D:\Research\quality-attributes\cases\JHotDraw-5.1-clean\src\CH\ifa\draw\framework\Tool.java,12
JHotDraw-5.1-clean,CH.ifa.draw.samples.javadraw,AnimationDecorator,4,0,10,10,50,14,0,0,0.4,1,0,D:\Research\quality-attributes\cases\JHotDraw-5.1-clean\src\CH\ifa\draw\samples\javadraw\AnimationDecorator.java,16
JHotDraw-5.1-clean,CH.ifa.draw.samples.javadraw,Animator,4,0,4,4,34,5,0,0,0.0,2,1,D:\Research\quality-attributes\cases\JHotDraw-5.1-clean\src\CH\ifa\draw\samples\javadraw\Animator.java,14
JHotDraw-5.1-clean,CH.ifa.draw.samples.javadraw,BouncingDrawing,2,0,4,4,21,8,0,0,1.0,0,1,D:\Research\quality-attributes\cases\JHotDraw-5.1-clean\src\CH\ifa\draw\samples\javadraw\BouncingDrawing.java,15
JHotDraw-5.1-clean,CH.ifa.draw.samples.javadraw,FollowURLTool,1,0,3,2,33,7,0,0,0.0,1,0,D:\Research\quality-attributes\cases\JHotDraw-5.1-clean\src\CH\ifa\draw\samples\javadraw\FollowURLTool.java,16
JHotDraw-5.1-clean,CH.ifa.draw.samples.javadraw,JavaDrawApp,3,0,17,9,123,20,0,0,0.29411764705882354,0,2,D:\Research\quality-attributes\cases\JHotDraw-5.1-clean\src\CH\ifa\draw\samples\javadraw\JavaDrawApp.java,19
JHotDraw-5.1-clean,CH.ifa.draw.samples.javadraw,JavaDrawApplet,2,0,8,5,67,11,0,0,0.375,0,2,D:\Research\quality-attributes\cases\JHotDraw-5.1-clean\src\CH\ifa\draw\samples\javadraw\JavaDrawApplet.java,23
JHotDraw-5.1-clean,CH.ifa.draw.samples.javadraw,JavaDrawViewer,4,0,7,6,60,8,0,0,0.42857142857142855,0,1,D:\Research\quality-attributes\cases\JHotDraw-5.1-clean\src\CH\ifa\draw\samples\javadraw\JavaDrawViewer.java,20
JHotDraw-5.1-clean,CH.ifa.draw.samples.javadraw,MySelectionTool,0,0,3,2,24,5,0,0,-1.0,0,0,D:\Research\quality-attributes\cases\JHotDraw-5.1-clean\src\CH\ifa\draw\samples\javadraw\MySelectionTool.java,13
JHotDraw-5.1-clean,CH.ifa.draw.samples.javadraw,PatternPainter,1,0,3,2,32,5,0,0,0.0,0,0,D:\Research\quality-attributes\cases\JHotDraw-5.1-clean\src\CH\ifa\draw\samples\javadraw\PatternPainter.java,11
JHotDraw-5.1-clean,CH.ifa.draw.samples.javadraw,URLTool,2,0,11,6,69,17,0,0,0.2727272727272727,2,0,D:\Research\quality-attributes\cases\JHotDraw-5.1-clean\src\CH\ifa\draw\samples\javadraw\URLTool.java,15
JHotDraw-5.1-clean,CH.ifa.draw.samples.net,NetApp,0,0,3,1,18,3,0,0,-1.0,0,0,D:\Research\quality-attributes\cases\JHotDraw-5.1-clean\src\CH\ifa\draw\samples\net\NetApp.java,17
JHotDraw-5.1-clean,CH.ifa.draw.samples.net,NodeFigure,3,0,13,7,98,19,0,0,0.15384615384615385,0,0,D:\Research\quality-attributes\cases\JHotDraw-5.1-clean\src\CH\ifa\draw\samples\net\NodeFigure.java,17
JHotDraw-5.1-clean,CH.ifa.draw.samples.nothing,NothingApp,0,0,3,1,28,3,0,0,-1.0,0,0,D:\Research\quality-attributes\cases\JHotDraw-5.1-clean\src\CH\ifa\draw\samples\nothing\NothingApp.java,18
JHotDraw-5.1-clean,CH.ifa.draw.samples.nothing,NothingApplet,0,0,1,0,21,1,0,0,-1.0,0,0,D:\Research\quality-attributes\cases\JHotDraw-5.1-clean\src\CH\ifa\draw\samples\nothing\NothingApplet.java,21
JHotDraw-5.1-clean,CH.ifa.draw.samples.pert,PertApplet,1,0,1,0,15,1,0,0,0.0,0,1,D:\Research\quality-attributes\cases\JHotDraw-5.1-clean\src\CH\ifa\draw\samples\pert\PertApplet.java,19
JHotDraw-5.1-clean,CH.ifa.draw.samples.pert,PertApplication,1,0,3,1,22,3,0,0,1.0,0,1,D:\Research\quality-attributes\cases\JHotDraw-5.1-clean\src\CH\ifa\draw\samples\pert\PertApplication.java,18
JHotDraw-5.1-clean,CH.ifa.draw.samples.pert,PertDependency,2,0,5,5,37,8,0,0,1.0,0,1,D:\Research\quality-attributes\cases\JHotDraw-5.1-clean\src\CH\ifa\draw\samples\pert\PertDependency.java,16
JHotDraw-5.1-clean,CH.ifa.draw.samples.pert,PertFigure,6,0,32,24,210,46,0,0,0.09375,1,0,D:\Research\quality-attributes\cases\JHotDraw-5.1-clean\src\CH\ifa\draw\samples\pert\PertFigure.java,17
JHotDraw-5.1-clean,CH.ifa.draw.samples.pert,PertFigureCreationTool,0,0,2,1,14,2,0,0,-1.0,2,0,D:\Research\quality-attributes\cases\JHotDraw-5.1-clean\src\CH\ifa\draw\samples\pert\PertFigureCreationTool.java,13
JHotDraw-5.1-clean,CH.ifa.draw.standard,AbstractConnector,3,0,11,10,71,11,2,0,0.18181818181818182,0,0,D:\Research\quality-attributes\cases\JHotDraw-5.1-clean\src\CH\ifa\draw\standard\AbstractConnector.java,13
JHotDraw-5.1-clean,CH.ifa.draw.standard,AbstractFigure,3,0,35,33,266,39,2,0,0.45714285714285713,0,2,D:\Research\quality-attributes\cases\JHotDraw-5.1-clean\src\CH\ifa\draw\standard\AbstractFigure.java,15
JHotDraw-5.1-clean,CH.ifa.draw.standard,AbstractHandle,2,1,12,12,99,12,2,0,0.4166666666666667,0,0,D:\Research\quality-attributes\cases\JHotDraw-5.1-clean\src\CH\ifa\draw\standard\AbstractHandle.java,11
JHotDraw-5.1-clean,CH.ifa.draw.standard,AbstractLocator,0,0,4,3,27,4,2,0,-1.0,0,0,D:\Research\quality-attributes\cases\JHotDraw-5.1-clean\src\CH\ifa\draw\standard\AbstractLocator.java,15
JHotDraw-5.1-clean,CH.ifa.draw.standard,AbstractTool,3,0,11,11,75,11,7,0,0.5454545454545454,0,0,D:\Research\quality-attributes\cases\JHotDraw-5.1-clean\src\CH\ifa\draw\standard\AbstractTool.java,13
JHotDraw-5.1-clean,CH.ifa.draw.standard,ActionTool,0,0,4,4,26,5,0,1,-1.0,0,0,D:\Research\quality-attributes\cases\JHotDraw-5.1-clean\src\CH\ifa\draw\standard\ActionTool.java,13
JHotDraw-5.1-clean,CH.ifa.draw.standard,AlignCommand,8,6,3,3,75,10,0,0,0.0,0,0,D:\Research\quality-attributes\cases\JHotDraw-5.1-clean\src\CH\ifa\draw\standard\AlignCommand.java,14
JHotDraw-5.1-clean,CH.ifa.draw.standard,BoxHandleKit,0,0,10,10,49,10,0,0,-1.0,0,0,D:\Research\quality-attributes\cases\JHotDraw-5.1-clean\src\CH\ifa\draw\standard\BoxHandleKit.java,12
JHotDraw-5.1-clean,CH.ifa.draw.standard,NorthEastHandle,0,0,2,1,9,2,0,2,-1.0,0,1,D:\Research\quality-attributes\cases\JHotDraw-5.1-clean\src\CH\ifa\draw\standard\BoxHandleKit.java,77
JHotDraw-5.1-clean,CH.ifa.draw.standard,EastHandle,0,0,2,1,9,2,0,2,-1.0,0,1,D:\Research\quality-attributes\cases\JHotDraw-5.1-clean\src\CH\ifa\draw\standard\BoxHandleKit.java,91
JHotDraw-5.1-clean,CH.ifa.draw.standard,NorthHandle,0,0,2,1,9,2,0,2,-1.0,0,1,D:\Research\quality-attributes\cases\JHotDraw-5.1-clean\src\CH\ifa\draw\standard\BoxHandleKit.java,104
JHotDraw-5.1-clean,CH.ifa.draw.standard,NorthWestHandle,0,0,2,1,9,2,0,2,-1.0,0,1,D:\Research\quality-attributes\cases\JHotDraw-5.1-clean\src\CH\ifa\draw\standard\BoxHandleKit.java,118
JHotDraw-5.1-clean,CH.ifa.draw.standard,SouthEastHandle,0,0,2,1,9,2,0,2,-1.0,0,1,D:\Research\quality-attributes\cases\JHotDraw-5.1-clean\src\CH\ifa\draw\standard\BoxHandleKit.java,132
JHotDraw-5.1-clean,CH.ifa.draw.standard,SouthHandle,0,0,2,1,9,2,0,2,-1.0,0,1,D:\Research\quality-attributes\cases\JHotDraw-5.1-clean\src\CH\ifa\draw\standard\BoxHandleKit.java,146
JHotDraw-5.1-clean,CH.ifa.draw.standard,SouthWestHandle,0,0,2,1,9,2,0,2,-1.0,0,1,D:\Research\quality-attributes\cases\JHotDraw-5.1-clean\src\CH\ifa\draw\standard\BoxHandleKit.java,160
JHotDraw-5.1-clean,CH.ifa.draw.standard,WestHandle,0,0,2,1,9,2,0,2,-1.0,0,1,D:\Research\quality-attributes\cases\JHotDraw-5.1-clean\src\CH\ifa\draw\standard\BoxHandleKit.java,174
JHotDraw-5.1-clean,CH.ifa.draw.standard,BringToFrontCommand,1,0,3,3,26,4,0,0,0.0,0,1,D:\Research\quality-attributes\cases\JHotDraw-5.1-clean\src\CH\ifa\draw\standard\BringToFrontCommand.java,12
JHotDraw-5.1-clean,CH.ifa.draw.standard,BufferedUpdateStrategy,5,0,1,1,28,2,0,0,0.0,0,0,D:\Research\quality-attributes\cases\JHotDraw-5.1-clean\src\CH\ifa\draw\standard\BufferedUpdateStrategy.java,12
JHotDraw-5.1-clean,CH.ifa.draw.standard,ChangeAttributeCommand,3,0,3,3,32,4,0,0,0.0,0,0,D:\Research\quality-attributes\cases\JHotDraw-5.1-clean\src\CH\ifa\draw\standard\ChangeAttributeCommand.java,12
JHotDraw-5.1-clean,CH.ifa.draw.standard,ChangeConnectionEndHandle,0,0,6,2,41,6,0,2,-1.0,0,0,D:\Research\quality-attributes\cases\JHotDraw-5.1-clean\src\CH\ifa\draw\standard\ChangeConnectionEndHandle.java,12
JHotDraw-5.1-clean,CH.ifa.draw.standard,ChangeConnectionHandle,4,0,13,4,109,24,2,1,0.15384615384615385,0,1,D:\Research\quality-attributes\cases\JHotDraw-5.1-clean\src\CH\ifa\draw\standard\ChangeConnectionHandle.java,13
JHotDraw-5.1-clean,CH.ifa.draw.standard,ChangeConnectionStartHandle,0,0,6,2,41,6,0,2,-1.0,0,0,D:\Research\quality-attributes\cases\JHotDraw-5.1-clean\src\CH\ifa\draw\standard\ChangeConnectionStartHandle.java,12
JHotDraw-5.1-clean,CH.ifa.draw.standard,ChopBoxConnector,1,0,5,4,32,7,0,1,0.6,0,1,D:\Research\quality-attributes\cases\JHotDraw-5.1-clean\src\CH\ifa\draw\standard\ChopBoxConnector.java,12
JHotDraw-5.1-clean,CH.ifa.draw.standard,CompositeFigure,3,0,33,30,302,69,1,1,0.18181818181818182,0,0,D:\Research\quality-attributes\cases\JHotDraw-5.1-clean\src\CH\ifa\draw\standard\CompositeFigure.java,14
JHotDraw-5.1-clean,CH.ifa.draw.standard,ConnectionHandle,3,0,10,5,109,20,0,2,0.2,0,1,D:\Research\quality-attributes\cases\JHotDraw-5.1-clean\src\CH\ifa\draw\standard\ConnectionHandle.java,13
JHotDraw-5.1-clean,CH.ifa.draw.standard,ConnectionTool,8,0,18,6,191,43,0,1,0.0,0,1,D:\Research\quality-attributes\cases\JHotDraw-5.1-clean\src\CH\ifa\draw\standard\ConnectionTool.java,15
JHotDraw-5.1-clean,CH.ifa.draw.standard,CopyCommand,0,0,3,3,20,3,0,1,-1.0,0,0,D:\Research\quality-attributes\cases\JHotDraw-5.1-clean\src\CH\ifa\draw\standard\CopyCommand.java,12
JHotDraw-5.1-clean,CH.ifa.draw.standard,CreationTool,3,0,8,5,76,10,0,1,0.25,0,0,D:\Research\quality-attributes\cases\JHotDraw-5.1-clean\src\CH\ifa\draw\standard\CreationTool.java,13
JHotDraw-5.1-clean,CH.ifa.draw.standard,CutCommand,0,0,3,3,22,3,0,1,-1.0,0,0,D:\Research\quality-attributes\cases\JHotDraw-5.1-clean\src\CH\ifa\draw\standard\CutCommand.java,13
JHotDraw-5.1-clean,CH.ifa.draw.standard,DecoratorFigure,3,0,31,29,192,34,0,1,0.25806451612903225,0,0,D:\Research\quality-attributes\cases\JHotDraw-5.1-clean\src\CH\ifa\draw\standard\DecoratorFigure.java,15
JHotDraw-5.1-clean,CH.ifa.draw.standard,DeleteCommand,0,0,3,3,20,3,0,1,-1.0,1,0,D:\Research\quality-attributes\cases\JHotDraw-5.1-clean\src\CH\ifa\draw\standard\DeleteCommand.java,12
JHotDraw-5.1-clean,CH.ifa.draw.standard,DragTracker,4,0,3,3,36,7,0,1,0.0,0,0,D:\Research\quality-attributes\cases\JHotDraw-5.1-clean\src\CH\ifa\draw\standard\DragTracker.java,13
JHotDraw-5.1-clean,CH.ifa.draw.standard,DuplicateCommand,0,0,3,3,23,3,0,1,-1.0,0,0,D:\Research\quality-attributes\cases\JHotDraw-5.1-clean\src\CH\ifa\draw\standard\DuplicateCommand.java,12
JHotDraw-5.1-clean,CH.ifa.draw.standard,FigureChangeEventMulticaster,0,0,11,8,58,18,0,0,-1.0,1,0,D:\Research\quality-attributes\cases\JHotDraw-5.1-clean\src\CH\ifa\draw\standard\FigureChangeEventMulticaster.java,15
JHotDraw-5.1-clean,CH.ifa.draw.standard,FigureEnumerator,1,0,4,4,29,4,0,0,0.0,3,0,D:\Research\quality-attributes\cases\JHotDraw-5.1-clean\src\CH\ifa\draw\standard\FigureEnumerator.java,11
JHotDraw-5.1-clean,CH.ifa.draw.standard,FigureTransferCommand,1,0,4,0,41,5,5,0,0.0,0,1,D:\Research\quality-attributes\cases\JHotDraw-5.1-clean\src\CH\ifa\draw\standard\FigureTransferCommand.java,12
JHotDraw-5.1-clean,CH.ifa.draw.standard,GridConstrainer,2,0,4,4,33,4,0,0,0.0,0,0,D:\Research\quality-attributes\cases\JHotDraw-5.1-clean\src\CH\ifa\draw\standard\GridConstrainer.java,13
JHotDraw-5.1-clean,CH.ifa.draw.standard,HandleTracker,1,0,4,4,23,4,0,1,0.0,0,0,D:\Research\quality-attributes\cases\JHotDraw-5.1-clean\src\CH\ifa\draw\standard\HandleTracker.java,12
JHotDraw-5.1-clean,CH.ifa.draw.standard,LocatorConnector,4,1,8,7,61,8,0,1,0.0,0,0,D:\Research\quality-attributes\cases\JHotDraw-5.1-clean\src\CH\ifa\draw\standard\LocatorConnector.java,13
JHotDraw-5.1-clean,CH.ifa.draw.standard,LocatorHandle,1,0,2,2,20,2,10,1,0.0,0,0,D:\Research\quality-attributes\cases\JHotDraw-5.1-clean\src\CH\ifa\draw\standard\LocatorHandle.java,11
JHotDraw-5.1-clean,CH.ifa.draw.standard,NullHandle,1,0,2,2,20,2,0,2,1.0,0,0,D:\Research\quality-attributes\cases\JHotDraw-5.1-clean\src\CH\ifa\draw\standard\NullHandle.java,11
JHotDraw-5.1-clean,CH.ifa.draw.standard,OffsetLocator,5,0,7,7,47,7,0,1,0.0,0,0,D:\Research\quality-attributes\cases\JHotDraw-5.1-clean\src\CH\ifa\draw\standard\OffsetLocator.java,13
JHotDraw-5.1-clean,CH.ifa.draw.standard,PasteCommand,0,0,3,2,32,6,0,1,-1.0,0,0,D:\Research\quality-attributes\cases\JHotDraw-5.1-clean\src\CH\ifa\draw\standard\PasteCommand.java,13
JHotDraw-5.1-clean,CH.ifa.draw.standard,RelativeLocator,4,0,14,14,83,14,0,1,0.7142857142857143,10,0,D:\Research\quality-attributes\cases\JHotDraw-5.1-clean\src\CH\ifa\draw\standard\RelativeLocator.java,13
JHotDraw-5.1-clean,CH.ifa.draw.standard,ReverseFigureEnumerator,1,0,4,4,29,4,0,0,0.0,1,1,D:\Research\quality-attributes\cases\JHotDraw-5.1-clean\src\CH\ifa\draw\standard\ReverseFigureEnumerator.java,12
JHotDraw-5.1-clean,CH.ifa.draw.standard,SelectAreaTracker,1,0,8,4,48,11,0,1,0.25,0,0,D:\Research\quality-attributes\cases\JHotDraw-5.1-clean\src\CH\ifa\draw\standard\SelectAreaTracker.java,13
JHotDraw-5.1-clean,CH.ifa.draw.standard,SelectionTool,1,0,7,4,65,13,0,1,0.2857142857142857,0,0,D:\Research\quality-attributes\cases\JHotDraw-5.1-clean\src\CH\ifa\draw\standard\SelectionTool.java,13
JHotDraw-5.1-clean,CH.ifa.draw.standard,SendToBackCommand,1,0,3,3,25,4,0,0,0.0,0,1,D:\Research\quality-attributes\cases\JHotDraw-5.1-clean\src\CH\ifa\draw\standard\SendToBackCommand.java,12
JHotDraw-5.1-clean,CH.ifa.draw.standard,SimpleUpdateStrategy,1,0,1,1,13,1,0,0,0.0,0,0,D:\Research\quality-attributes\cases\JHotDraw-5.1-clean\src\CH\ifa\draw\standard\SimpleUpdateStrategy.java,11
JHotDraw-5.1-clean,CH.ifa.draw.standard,StandardDrawing,4,0,14,13,140,25,0,2,0.5,0,1,D:\Research\quality-attributes\cases\JHotDraw-5.1-clean\src\CH\ifa\draw\standard\StandardDrawing.java,14
JHotDraw-5.1-clean,CH.ifa.draw.standard,StandardDrawingView,13,0,61,53,531,101,0,0,0.13114754098360656,0,2,D:\Research\quality-attributes\cases\JHotDraw-5.1-clean\src\CH\ifa\draw\standard\StandardDrawingView.java,15
JHotDraw-5.1-clean,CH.ifa.draw.standard,TextHolder,0,0,7,7,31,7,0,0,-1.0,0,0,D:\Research\quality-attributes\cases\JHotDraw-5.1-clean\src\CH\ifa\draw\standard\TextHolder.java,12
JHotDraw-5.1-clean,CH.ifa.draw.standard,ToggleGridCommand,2,0,2,2,27,3,0,0,0.0,0,0,D:\Research\quality-attributes\cases\JHotDraw-5.1-clean\src\CH\ifa\draw\standard\ToggleGridCommand.java,13
JHotDraw-5.1-clean,CH.ifa.draw.standard,ToolButton,3,0,10,10,56,15,0,0,0.2,0,0,D:\Research\quality-attributes\cases\JHotDraw-5.1-clean\src\CH\ifa\draw\standard\ToolButton.java,12
JHotDraw-5.1-clean,CH.ifa.draw.util,Animatable,0,0,1,0,9,1,0,0,-1.0,1,0,D:\Research\quality-attributes\cases\JHotDraw-5.1-clean\src\CH\ifa\draw\util\Animatable.java,8
JHotDraw-5.1-clean,CH.ifa.draw.util,Clipboard,2,0,4,3,27,4,0,0,0.75,0,0,D:\Research\quality-attributes\cases\JHotDraw-5.1-clean\src\CH\ifa\draw\util\Clipboard.java,11
JHotDraw-5.1-clean,CH.ifa.draw.util,ColorEntry,2,2,1,0,8,1,0,0,0.0,1,0,D:\Research\quality-attributes\cases\JHotDraw-5.1-clean\src\CH\ifa\draw\util\ColorMap.java,11
JHotDraw-5.1-clean,CH.ifa.draw.util,ColorMap,1,0,6,6,28,12,0,0,0.3333333333333333,0,1,D:\Research\quality-attributes\cases\JHotDraw-5.1-clean\src\CH\ifa\draw\util\ColorMap.java,21
JHotDraw-5.1-clean,CH.ifa.draw.util,Command,1,0,4,4,31,4,0,0,0.75,3,0,D:\Research\quality-attributes\cases\JHotDraw-5.1-clean\src\CH\ifa\draw\util\Command.java,11
JHotDraw-5.1-clean,CH.ifa.draw.util,CommandButton,1,0,2,2,24,3,0,0,0.0,0,1,D:\Research\quality-attributes\cases\JHotDraw-5.1-clean\src\CH\ifa\draw\util\CommandButton.java,13
JHotDraw-5.1-clean,CH.ifa.draw.util,CommandChoice,1,0,3,3,25,3,0,0,0.0,0,1,D:\Research\quality-attributes\cases\JHotDraw-5.1-clean\src\CH\ifa\draw\util\CommandChoice.java,13
JHotDraw-5.1-clean,CH.ifa.draw.util,CommandMenu,1,0,8,8,71,15,0,0,0.5,0,1,D:\Research\quality-attributes\cases\JHotDraw-5.1-clean\src\CH\ifa\draw\util\CommandMenu.java,21
JHotDraw-5.1-clean,CH.ifa.draw.util,Filler,3,0,5,5,26,6,0,0,0.4,0,0,D:\Research\quality-attributes\cases\JHotDraw-5.1-clean\src\CH\ifa\draw\util\Filler.java,10
JHotDraw-5.1-clean,CH.ifa.draw.util,FloatingTextField,2,0,9,9,70,11,0,0,0.0,1,0,D:\Research\quality-attributes\cases\JHotDraw-5.1-clean\src\CH\ifa\draw\util\FloatingTextField.java,11
JHotDraw-5.1-clean,CH.ifa.draw.util,Geom,4,4,16,15,144,32,0,0,0.75,8,0,D:\Research\quality-attributes\cases\JHotDraw-5.1-clean\src\CH\ifa\draw\util\Geom.java,11
JHotDraw-5.1-clean,CH.ifa.draw.util,Iconkit,6,0,9,8,95,17,0,0,0.0,0,0,D:\Research\quality-attributes\cases\JHotDraw-5.1-clean\src\CH\ifa\draw\util\Iconkit.java,12
JHotDraw-5.1-clean,CH.ifa.draw.util,PaletteButton,6,0,18,18,0,24,0,0,0.2777777777777778,1,1,D:\Research\quality-attributes\cases\JHotDraw-5.1-clean\src\CH\ifa\draw\util\PaletteButton.java,11
JHotDraw-5.1-clean,CH.ifa.draw.util,PaletteIcon,4,0,6,6,31,6,0,0,0.0,0,0,D:\Research\quality-attributes\cases\JHotDraw-5.1-clean\src\CH\ifa\draw\util\PaletteIcon.java,10
JHotDraw-5.1-clean,CH.ifa.draw.util,PaletteLayout,3,0,8,8,78,16,0,0,0.625,0,0,D:\Research\quality-attributes\cases\JHotDraw-5.1-clean\src\CH\ifa\draw\util\PaletteLayout.java,10
JHotDraw-5.1-clean,CH.ifa.draw.util,PaletteListener,0,0,2,0,14,2,0,0,-1.0,1,1,D:\Research\quality-attributes\cases\JHotDraw-5.1-clean\src\CH\ifa\draw\util\PaletteListener.java,8
JHotDraw-5.1-clean,CH.ifa.draw.util,ReverseVectorEnumerator,2,0,3,3,20,4,0,0,0.0,1,0,D:\Research\quality-attributes\cases\JHotDraw-5.1-clean\src\CH\ifa\draw\util\ReverseVectorEnumerator.java,10
JHotDraw-5.1-clean,CH.ifa.draw.util,Storable,0,0,2,2,15,2,0,0,-1.0,2,2,D:\Research\quality-attributes\cases\JHotDraw-5.1-clean\src\CH\ifa\draw\util\Storable.java,10
JHotDraw-5.1-clean,CH.ifa.draw.util,StorableInput,2,0,10,7,101,17,0,0,0.0,1,1,D:\Research\quality-attributes\cases\JHotDraw-5.1-clean\src\CH\ifa\draw\util\StorableInput.java,12
JHotDraw-5.1-clean,CH.ifa.draw.util,StorableOutput,3,0,15,8,0,26,0,0,0.0,1,1,D:\Research\quality-attributes\cases\JHotDraw-5.1-clean\src\CH\ifa\draw\util\StorableOutput.java,12
